"","RESPID","redprediction","blueprediction","swingprediction"
"1",3,0.431483393844415,0.446418573486948,0.136211605924545
"2",7,0.363607779372628,0.366663182008542,0.242190517104406
"3",10,0.260724001518818,0.466256012382297,0.244397830327823
"4",12,0.364819374991397,0.508304871017967,0.114703104227373
"5",14,0.336558678160042,0.414265335472896,0.214728175648925
"6",18,0.43032199769662,0.395592171833785,0.169530462512438
"7",20,0.352419802832575,0.37682637837544,0.241987036590353
"8",23,0.442940597338101,0.28765752883604,0.25759811356933
"9",24,0.351389488042429,0.360287170691138,0.271186770969879
"10",29,0.480802520855365,0.38781864226517,0.146968594829348
"11",31,0.529842020344537,0.397188094667422,0.0972113832937744
"12",36,0.397416673624302,0.399391456795316,0.193435221261225
"13",37,0.465330852496156,0.365425267079902,0.161342665957151
"14",39,0.583635776236009,0.185275557759666,0.2405289582951
"15",44,0.616345318072456,0.340137254612572,0.0796193722203716
"16",52,0.568484815905219,0.349523786451989,0.102775512743994
"17",57,0.696892148563537,0.207901018547794,0.121139933285417
"18",63,0.40410823172507,0.382202345362222,0.201952421569023
"19",67,0.277930688716698,0.439341291085069,0.244224216927184
"20",71,0.266768220143261,0.475242875032402,0.244889334223266
"21",73,0.339447242125542,0.549983594551781,0.10757121426821
"22",79,0.403273379201002,0.375394830406113,0.207957477407611
"23",80,0.240905932413014,0.376136905919843,0.36467391562612
"24",85,0.418769332208036,0.341325617471411,0.205627376583003
"25",86,0.412114234326226,0.338060971261932,0.222157213453504
"26",88,0.551791168799344,0.3496480604034,0.113224796712285
"27",98,0.51377943395734,0.359826955629234,0.131093694394203
"28",103,0.262116356928973,0.477778221515754,0.269869047836542
"29",106,0.413637123656083,0.397000240580585,0.187115661576177
"30",107,0.327639791383731,0.470040589017956,0.189025701704122
"31",112,0.3755522691654,0.314071644378126,0.311016643944241
"32",117,0.322960545655873,0.385384097260076,0.272074618118805
"33",121,0.183457246238779,0.62264959592425,0.209083733247231
"34",122,0.507794349755309,0.254847600282652,0.233393588522256
"35",125,0.330591202605193,0.401919576398747,0.263884967676621
"36",126,0.551791168799344,0.3496480604034,0.113224796712285
"37",129,0.266406755131744,0.480649908449915,0.219291401670165
"38",130,0.645953813979458,0.241309739717923,0.14364802982516
"39",132,0.458695111022369,0.422167285491935,0.121951553849795
"40",135,0.25711806016238,0.520995834482389,0.227454002818662
"41",136,0.59820878536586,0.302961904855352,0.118716524546812
"42",138,0.376619853051516,0.370885578155427,0.183704770579872
"43",139,0.564689350044969,0.354298379653855,0.101988889855421
"44",144,0.510319421548966,0.216127742051217,0.278683690817878
"45",152,0.306445817558496,0.468322199812274,0.215872294941062
"46",156,0.60787762199543,0.17217359725276,0.240798128767513
"47",159,0.57220094288177,0.330827259302157,0.110466952736012
"48",161,0.373399287398976,0.328601189305739,0.274447201934852
"49",162,0.476053254912472,0.403205462421057,0.117743704727432
"50",169,0.551623573128111,0.248623802661203,0.201092921021536
"51",170,0.272470413291894,0.3098649594541,0.416380961506272
"52",174,0.244269653268435,0.557758431147496,0.190237129861494
"53",175,0.430498878327827,0.275400152095202,0.24609856791715
"54",178,0.742783623136351,0.177368379389495,0.120819349693968
"55",179,0.138366514057476,0.596077991867321,0.275080944603249
"56",180,0.312095704636592,0.458229806488314,0.22039391642779
"57",186,0.520439647132084,0.376699230118555,0.112444263232
"58",190,0.150300638663136,0.703681213654817,0.174823411042735
"59",194,0.264955410114431,0.328546206977138,0.388857738385824
"60",195,0.580746398770355,0.309727265411643,0.144599577064236
"61",203,0.463466518001926,0.441050376612977,0.108260068214909
"62",204,0.585402901230971,0.320105293577504,0.114245135997888
"63",213,0.352419802832575,0.37682637837544,0.241987036590353
"64",214,0.671035458250911,0.19401047851132,0.138220348007058
"65",219,0.374209470470742,0.329374423799445,0.282056823016658
"66",220,0.152521401136939,0.674093267335548,0.187778233765158
"67",222,0.253109689601703,0.518266941542416,0.203584260765281
"68",223,0.351969084393372,0.300855028905271,0.332222848595544
"69",235,0.410631288175843,0.392414132979074,0.201470707151234
"70",238,0.2612372269515,0.390256465411337,0.292468925116736
"71",240,0.334504190902006,0.38191238705501,0.251977417367834
"72",248,0.229612883645052,0.515442553825348,0.240174792541731
"73",250,0.508055243359939,0.302577101634294,0.174983049072361
"74",254,0.452884469070572,0.297361820816369,0.254630727543979
"75",256,0.231475895523483,0.51763552574354,0.22237107979115
"76",257,0.240390647230902,0.443396729520531,0.303854760473476
"77",258,0.372394167089321,0.470334557315769,0.14454433517177
"78",260,0.386012878178479,0.46997420989168,0.14730337539126
"79",263,0.354277760273905,0.500790531144395,0.154319827652464
"80",268,0.310865661710417,0.417050391589459,0.240852610540201
"81",270,0.301933526626219,0.451575381768278,0.215393399302583
"82",271,0.277701911725639,0.54068954897221,0.181082951900081
"83",272,0.340890273541957,0.444071478796929,0.2206298837038
"84",274,0.34717362617526,0.45010594608952,0.189709295460707
"85",275,0.609235948827646,0.276331574884555,0.137221638751294
"86",283,0.685507766553118,0.192130029051814,0.166054870760678
"87",287,0.435335798311113,0.448038537552456,0.112896343454579
"88",292,0.61103675917582,0.331898992434859,0.084526199636778
"89",294,0.464654825353151,0.43415100411646,0.10938603609162
"90",298,0.596215139405302,0.178464986891652,0.240595446682519
"91",302,0.654524405399128,0.174447865311696,0.215563960757534
"92",306,0.392324195518965,0.396896127372905,0.177994472997664
"93",307,0.464783905588308,0.336392759952039,0.21022137165597
"94",311,0.327147160652498,0.353826168723913,0.291226439063914
"95",315,0.24775980669984,0.584501535428888,0.1738600067408
"96",316,0.635619588046197,0.313480751772617,0.0871912957306386
"97",317,0.49599354353663,0.451546552547954,0.0806441806600394
"98",318,0.435335798311113,0.448038537552456,0.112896343454579
"99",323,0.288165469686732,0.504291561333528,0.203220100168571
"100",324,0.502400528753474,0.307426933369042,0.199239282818481
"101",326,0.243495181210525,0.605916567537683,0.133767963080444
"102",328,0.456612927237154,0.313712481270991,0.20392599777866
"103",332,0.478818304774435,0.252392854853372,0.269983089011566
"104",333,0.54708935652409,0.211531150746716,0.255728998855663
"105",334,0.427687217056427,0.191020084666539,0.408516796330961
"106",340,0.400255314033413,0.198165132503183,0.423442170602378
"107",341,0.354725249058636,0.46204523862215,0.166936701247497
"108",342,0.400161987013183,0.378212733973277,0.218590410577632
"109",344,0.450318735389506,0.31823139598467,0.235834318207541
"110",345,0.767912366040057,0.160022718810459,0.121411421160764
"111",347,0.345779351008235,0.388750741329239,0.225858412123845
"112",348,0.493991853916016,0.365606078794478,0.144120716455506
"113",349,0.300644131802302,0.485983545882967,0.206876215697906
"114",352,0.323109261826769,0.302318988299729,0.350161783451798
"115",354,0.524101778322878,0.218348412577159,0.241625766938054
"116",357,0.612049117065698,0.234268762673965,0.160207113955783
"117",359,0.329767128108264,0.356056991139046,0.257480911181308
"118",360,0.24964766363473,0.531415334858398,0.210773892482609
"119",361,0.66861945665313,0.253426430553523,0.116652066603564
"120",363,0.488757011698304,0.397300196167055,0.121630955592253
"121",364,0.565576453880884,0.33430947093936,0.115627513470274
"122",365,0.424666451298003,0.370448697956184,0.177121550664824
"123",370,0.409035472982556,0.325276197610435,0.271160190082817
"124",371,0.518148585869961,0.268344549933445,0.214707892564244
"125",375,0.549084040869907,0.238883726194291,0.228348912689567
"126",376,0.351540030461699,0.433360815507108,0.194986433461901
"127",379,0.582571611566977,0.31696810150253,0.124152286279742
"128",381,0.488038194093677,0.398478854580298,0.135857302446123
"129",382,0.438284570870486,0.220336652812756,0.336121625072611
"130",384,0.277701911725639,0.54068954897221,0.181082951900081
"131",387,0.397471986211499,0.489490363237399,0.127750087158218
"132",388,0.294623282396734,0.507746884994628,0.188507144046138
"133",389,0.333115816358933,0.398566051627644,0.219921861383801
"134",392,0.356872692598304,0.378461254351584,0.226052374962702
"135",393,0.407707141274451,0.377515660431273,0.213333052520439
"136",398,0.260175129883815,0.45171526185517,0.269803387563766
"137",417,0.640058901710864,0.127382448712461,0.293501193618102
"138",420,0.601883119665735,0.292068930052614,0.123470112073723
"139",432,0.531402746791739,0.287989756297928,0.168485537692677
"140",435,0.675663888507875,0.178416087557624,0.183582395343985
"141",441,0.346960965260711,0.401582837178443,0.186569805314568
"142",451,0.405744617989454,0.251125383544699,0.344968802285707
"143",452,0.539519374397078,0.323507708417401,0.148017285868349
"144",454,0.287657398756617,0.467398041484905,0.235910902170489
"145",455,0.440036099871953,0.431219391032682,0.12269394198459
"146",456,0.553701193931603,0.352522059894924,0.126704674860486
"147",461,0.306866171620608,0.556898089360068,0.145388778981452
"148",462,0.143734445724992,0.688195869236772,0.202056701267903
"149",464,0.423302518001887,0.388574579364707,0.188174246260287
"150",471,0.200137799367716,0.521510878556715,0.286718257867818
"151",482,0.785038084195908,0.133342049316205,0.123363272527561
"152",484,0.317181711745707,0.45289569531266,0.230666834456687
"153",487,0.558792362619826,0.26049459277632,0.177249306520131
"154",491,0.241891695426342,0.589057521347637,0.164628426415528
"155",498,0.224273189146469,0.492672058301134,0.271352485179335
"156",501,0.350385978381452,0.460977962926136,0.199028660079058
"157",508,0.226335308843727,0.459204647172087,0.305039876292821
"158",509,0.466511612360954,0.203910034356663,0.335785362971458
"159",510,0.294238356364434,0.504336846711956,0.188858389378988
"160",513,0.455369823611503,0.29360989798362,0.231076469463693
"161",520,0.311185952117522,0.619212391220802,0.0755939568235737
"162",529,0.467260484459401,0.264426782593135,0.264952000467169
"163",532,0.45478681430214,0.308360382535397,0.224253318286815
"164",538,0.391283289712224,0.398468695534553,0.207888776476051
"165",542,0.384047433307923,0.331482855533942,0.274856181303019
"166",543,0.63869041515546,0.236926955890857,0.177174238067014
"167",545,0.215005784152494,0.529705966578209,0.2371433414355
"168",546,0.439723803277638,0.338457465746189,0.224751463580091
"169",549,0.373801824027491,0.261159540341449,0.338794583995173
"170",554,0.380076215909923,0.408492557022007,0.211245227086158
"171",555,0.431202500576318,0.335816666790003,0.211719790598167
"172",557,0.434318014686572,0.47028509715191,0.105111278038065
"173",558,0.620523464751959,0.292057290787092,0.115319603729044
"174",564,0.342492141268791,0.400731709576841,0.254661431038357
"175",572,0.20139748973179,0.3761951373008,0.405274417352409
"176",575,0.551034039571233,0.309087031691196,0.162280148670369
"177",576,0.388539582957176,0.321053334945253,0.266480226813968
"178",579,0.321860200519815,0.458207710586919,0.181072417937576
"179",586,0.339991577950112,0.441849024143853,0.18013395503895
"180",587,0.397416673624302,0.399391456795316,0.193435221261225
"181",590,0.256366807998735,0.56576695568583,0.177698400100683
"182",593,0.424150908856495,0.438500434052188,0.127704154270772
"183",594,0.374685632333068,0.439711094243104,0.17528717393179
"184",595,0.435045071742574,0.253104204280814,0.323046203544193
"185",597,0.433706852791105,0.409256062104084,0.166924658400886
"186",602,0.510138134789909,0.274718812428751,0.21389391496364
"187",605,0.222875929725877,0.585207509341925,0.198229048155439
"188",606,0.414602146220505,0.324358873107117,0.231279685184229
"189",614,0.370407030827754,0.306308673601109,0.285128587947125
"190",618,0.358562801614133,0.389959833198026,0.250855713414537
"191",620,0.322413112362095,0.445155727101617,0.212430593212974
"192",627,0.293992473575734,0.324113034671839,0.359142654215448
"193",640,0.583731043815121,0.239903789292933,0.188937433048788
"194",646,0.342473482711599,0.512232189903204,0.154272337950703
"195",649,0.514663090438783,0.178432556214978,0.344352761849714
"196",651,0.335664052807814,0.309563633096513,0.340670968080462
"197",655,0.435308386792723,0.44794718930353,0.119083911571097
"198",656,0.376548679636331,0.279552141082501,0.33495002501275
"199",660,0.682925636436054,0.217071488909403,0.121418753764356
"200",664,0.270642610161551,0.589565446231289,0.144037623893458
"201",667,0.60787762199543,0.17217359725276,0.240798128767513
"202",679,0.344732300785879,0.412389172681965,0.242214460358814
"203",680,0.384087486309678,0.348315790215399,0.232078483545556
"204",691,0.224424323749247,0.275805040732011,0.508767648267588
"205",692,0.435420124439608,0.259558673236675,0.28708779935091
"206",694,0.310586976499927,0.412230124178675,0.283266138572547
"207",699,0.515806750074287,0.248776257048869,0.234259659011625
"208",700,0.440162341665201,0.50778988008462,0.0781705964435583
"209",702,0.105788840127159,0.478269680452835,0.484918992241056
"210",706,0.436933055931602,0.438680251630759,0.0993748844136054
"211",710,0.609617330101647,0.175346363473265,0.248980751480401
"212",716,0.0963331824867075,0.493347360233521,0.493760164151004
"213",719,0.213925219969962,0.453224006411785,0.338929326612566
"214",720,0.516617350328787,0.246962326155472,0.251411152320736
"215",722,0.507526896997373,0.334499418704224,0.127639962260684
"216",723,0.120563708930374,0.537796352770249,0.422437320097802
"217",732,0.29723264998895,0.494262535703296,0.188406909464598
"218",734,0.265556355505445,0.525118417748164,0.201812750078194
"219",735,0.438284570870486,0.220336652812756,0.336121625072611
"220",746,0.362145749026921,0.274597297704432,0.351119146216992
"221",748,0.266108236724833,0.382441640578156,0.315681033287086
"222",749,0.225428833075309,0.495057099200837,0.274119788359535
"223",752,0.465584591682234,0.194266500412811,0.36614025633115
"224",753,0.642867176773108,0.247391490728341,0.14055793361242
"225",754,0.59817116176419,0.264914559622011,0.153330405417522
"226",755,0.322668895637847,0.610568926821255,0.0790490487856875
"227",756,0.333256559944418,0.351818547372188,0.299994810060671
"228",758,0.510956981313586,0.280372479543634,0.2192131445263
"229",759,0.296172975107181,0.436369129846532,0.226385940334093
"230",761,0.542374503207412,0.304931347258488,0.153722171029018
"231",769,0.491632908217868,0.18979730000003,0.336113955797019
"232",772,0.575293638360939,0.244032801958818,0.189131922755174
"233",773,0.492989935761434,0.312157722738897,0.19049940091721
"234",774,0.285384284237302,0.467258611683271,0.234507990244426
"235",777,0.262498275619636,0.541140086603623,0.208410871034019
"236",778,0.34717362617526,0.45010594608952,0.189709295460707
"237",781,0.433448379728804,0.259913356781176,0.315522211031992
"238",786,0.439028723441401,0.365784454188495,0.156134394982861
"239",789,0.594944232680885,0.311824773764722,0.115321356940234
"240",790,0.327639791383731,0.470040589017956,0.189025701704122
"241",791,0.490359442612959,0.350122301446674,0.167009715989388
"242",792,0.18874983054292,0.582365504695663,0.213938788325729
"243",793,0.298896958100348,0.431549946811836,0.276068817882576
"244",797,0.588616345315086,0.249612839857492,0.206394807158509
"245",798,0.304179817159782,0.546499472089351,0.142336321231481
"246",799,0.546656913610642,0.228556932215428,0.237555000395575
"247",800,0.675258209985306,0.122596766472727,0.27176685511978
"248",803,0.380601263876386,0.366310099397726,0.243206394762581
"249",807,0.260175129883815,0.45171526185517,0.269803387563766
"250",810,0.701961097998352,0.221218061136044,0.121848871518324
"251",821,0.435672232414681,0.431000886613702,0.142994164196154
"252",824,0.431779177764545,0.337920926142474,0.191000808595809
"253",830,0.293495557817635,0.497012005592458,0.204202470520386
"254",832,0.0915778824560787,0.755651399480479,0.223229944813292
"255",835,0.248841208901861,0.498859255790958,0.220763301903455
"256",836,0.589650731072222,0.238781474605671,0.186270274969208
"257",837,0.374166964578283,0.357135548231664,0.242530962250572
"258",839,0.260694965126313,0.450353391487517,0.283293444902419
"259",840,0.401725257384168,0.318268577762095,0.27117997810235
"260",842,0.479574764604619,0.240392868317748,0.28429934267193
"261",843,0.261206724606818,0.385093229737206,0.332238098526261
"262",844,0.391321383182359,0.361483307735805,0.189334502237115
"263",845,0.284940054504465,0.517934184547812,0.172650180134275
"264",846,0.249541207206115,0.43084966662465,0.292898413613365
"265",855,0.317181711745707,0.45289569531266,0.230666834456687
"266",856,0.52343988010887,0.267650694715462,0.201992039401011
"267",864,0.432630696309666,0.302251806235378,0.250265135273691
"268",865,0.373272699896634,0.453599811044978,0.181995753360649
"269",866,0.651740305739614,0.23750260507941,0.122217642421048
"270",867,0.361198118165587,0.490798183090707,0.139068585097654
"271",868,0.454370182630987,0.346799641652318,0.17668510098644
"272",875,0.306231120398365,0.473690370577007,0.211866758627408
"273",877,0.457696643785818,0.315224937168114,0.211716922581007
"274",885,0.345647069551755,0.561193362398853,0.0884075186761286
"275",887,0.538195491100737,0.399732015782456,0.0848341915409168
"276",892,0.520439647132084,0.376699230118555,0.112444263232
"277",895,0.236729260930983,0.364880450655531,0.363319388901108
"278",897,0.485610350576837,0.28435627985548,0.232257695290547
"279",899,0.226753408062891,0.610998194911446,0.172423721034848
"280",900,0.40463001699453,0.379396010485308,0.203818664758465
"281",902,0.529123516113465,0.26346663245279,0.204755921329989
"282",904,0.376585428982805,0.432262150688788,0.176863420556628
"283",913,0.474509943369409,0.301083006505262,0.203260172040819
"284",914,0.565576453880884,0.33430947093936,0.115627513470274
"285",915,0.580735988707564,0.322717950351984,0.115436302282601
"286",919,0.552200202819531,0.235132851466797,0.225957322197863
"287",924,0.384047433307923,0.331482855533942,0.274856181303019
"288",925,0.442532752753311,0.435591564139696,0.122231982577055
"289",926,0.554615336662278,0.365504159815272,0.100633760432005
"290",931,0.336558678160042,0.414265335472896,0.214728175648925
"291",933,0.681952999205942,0.241840488906275,0.117729424292185
"292",934,0.375313050951339,0.411180205199918,0.178596087273651
"293",939,0.436274920916419,0.295625688689262,0.242875197703456
"294",940,0.479491862069365,0.251356425722817,0.283478643171059
"295",943,0.548667956587969,0.272069101773384,0.180113652460764
"296",944,0.714634165526982,0.175237551351405,0.171743371056457
"297",945,0.506869278523831,0.247150729923623,0.237827754320834
"298",947,0.558190473662136,0.292315508824483,0.159489722965014
"299",949,0.59943692697055,0.276328085486872,0.127721923865289
"300",951,0.231235316134704,0.572337839957034,0.190870515426025
"301",955,0.635576950536908,0.192229013446063,0.206639819682395
"302",957,0.451244154112872,0.341746863209072,0.194638855415892
"303",959,0.3089971998151,0.314003226036082,0.350757351234342
"304",960,0.321137079561313,0.404185535217634,0.243310074334581
"305",961,0.355280552331101,0.397258191672396,0.246958852868259
"306",963,0.259458618467285,0.479034372990437,0.248696320169128
"307",969,0.378198664320709,0.321454702708955,0.300272556970883
"308",972,0.409203786658996,0.342957555104968,0.225231413158149
"309",976,0.271867017758078,0.410309123996165,0.325222975726286
"310",979,0.401061635921379,0.366606062355322,0.228219770510735
"311",984,0.38637517922535,0.316564274341065,0.300006063025973
"312",992,0.39910997472491,0.258648008496559,0.340943362692899
"313",995,0.325244614995901,0.398612756808809,0.2447516929354
"314",997,0.26490603417998,0.353545418484379,0.353567903280436
"315",1006,0.444820269872425,0.325188683680233,0.211656190465242
"316",1008,0.454370182630987,0.346799641652318,0.17668510098644
"317",1010,0.545655161406278,0.244106446151573,0.220727829196302
"318",1017,0.332662938875224,0.501958335841909,0.175497551632618
"319",1018,0.600097006292512,0.342062167067478,0.0852732207171347
"320",1020,0.457696643785818,0.315224937168114,0.211716922581007
"321",1022,0.467025690009681,0.237230814780782,0.262407030414962
"322",1023,0.507963922415343,0.27807637823742,0.202293834978895
"323",1028,0.435335798311113,0.448038537552456,0.112896343454579
"324",1033,0.420888105813489,0.318010402855964,0.232358140450543
"325",1035,0.599264610657233,0.241341115546987,0.168218734084828
"326",1038,0.286568145609513,0.478200924091932,0.23572334974557
"327",1041,0.693596905686159,0.226675096696598,0.115249550449493
"328",1043,0.275622491280607,0.51742243840687,0.203523262631311
"329",1045,0.484037988557317,0.195599202086856,0.350708435213864
"330",1047,0.325979052054118,0.199878243817194,0.485937795433
"331",1050,0.142392514585602,0.497469236094906,0.374021431163285
"332",1053,0.260942840452646,0.486877513406891,0.22202537744287
"333",1064,0.334252201019275,0.478990994058477,0.181060678701906
"334",1066,0.312323561157498,0.28893881389387,0.397241838547752
"335",1075,0.434378512810626,0.357810494826838,0.210489084412453
"336",1079,0.386933222731934,0.292067448187339,0.299357795567887
"337",1080,0.738782227691162,0.137386756939662,0.166039727047465
"338",1083,0.447281107479782,0.315522959412424,0.240699164694575
"339",1101,0.377366353564477,0.360947650483133,0.217936971783875
"340",1107,0.499083651231356,0.33960291263602,0.127598750617032
"341",1113,0.433944677462756,0.251710632842921,0.325902230177665
"342",1114,0.788648888976885,0.139484262454228,0.151474028073945
"343",1116,0.345097836716487,0.336170512568706,0.252237833283283
"344",1122,0.439873367238814,0.358278523266664,0.176848983256178
"345",1124,0.208081901382919,0.55183854866341,0.21746215417241
"346",1132,0.374841709125771,0.328160635986367,0.295911264631438
"347",1134,0.214289123328315,0.715585032884314,0.080283814042299
"348",1136,0.291538592613242,0.536181482210722,0.171817174408058
"349",1139,0.587519784999921,0.249398511189514,0.168063619178232
"350",1144,0.448143901054281,0.418485348054544,0.116479159674369
"351",1145,0.442505496107249,0.303192931042273,0.231011811418631
"352",1148,0.446486578839298,0.337847701510557,0.210739807150415
"353",1149,0.333283433067506,0.385260502969112,0.249948222041672
"354",1151,0.345779351008235,0.388750741329239,0.225858412123845
"355",1156,0.426148472676035,0.441571741411545,0.14583190387289
"356",1158,0.64621814999225,0.243079670321202,0.142143432687567
"357",1160,0.434628454819809,0.435937533004817,0.119145808040686
"358",1163,0.397759338697521,0.393898185648019,0.197136997824866
"359",1167,0.401897738453121,0.359128542824508,0.212220475741027
"360",1172,0.471288373467196,0.328683576436846,0.176280012968211
"361",1173,0.407239443981417,0.239332111272566,0.337123726706935
"362",1179,0.319635334791099,0.498195437877786,0.177378375702839
"363",1181,0.444129759658973,0.351218072924544,0.212214008363689
"364",1183,0.546347904813862,0.307382184075853,0.16616357730295
"365",1186,0.355975146034442,0.381888891990357,0.26048986049599
"366",1196,0.418769332208036,0.341325617471411,0.205627376583003
"367",1198,0.183586629500692,0.680851684822031,0.148971613033698
"368",1200,0.648334635052553,0.303236924210733,0.0871609674186125
"369",1202,0.358226641881807,0.38410436040959,0.227388422924346
"370",1203,0.203760077416097,0.608858341044412,0.198468719112752
"371",1204,0.511660713901661,0.41710101633741,0.091603876157951
"372",1208,0.383459934853715,0.411514424703576,0.193610986374756
"373",1213,0.601883119665735,0.292068930052614,0.123470112073723
"374",1215,0.531664291641922,0.306425819587172,0.192150863474776
"375",1219,0.264215334105425,0.357309924035961,0.377696078633969
"376",1234,0.401725257384168,0.318268577762095,0.27117997810235
"377",1235,0.395470610698305,0.26884034559886,0.317752434948102
"378",1237,0.760336488985688,0.165334884476353,0.121134444684525
"379",1239,0.520161925195125,0.21733504290149,0.246514563763594
"380",1241,0.56128872983978,0.26736914314539,0.168066021925673
"381",1246,0.303264557520515,0.351488889655926,0.341585025431555
"382",1250,0.416880104084595,0.347125206073188,0.211907804951119
"383",1256,0.343450034780057,0.481469367648372,0.182104274284549
"384",1262,0.651283744445613,0.178895591481341,0.212060144013663
"385",1263,0.573963791217894,0.137869081274852,0.360171864937343
"386",1270,0.637213507552988,0.169889792352545,0.235317114644894
"387",1272,0.572537977817702,0.237804750336303,0.197018984804269
"388",1276,0.589202825643479,0.228173787033002,0.180342192949888
"389",1277,0.386308425153724,0.371838214212319,0.212658205425836
"390",1278,0.202017215833189,0.593723151870342,0.166826810548016
"391",1279,0.213440570610979,0.596817685833948,0.198289628427941
"392",1280,0.385565402223986,0.311523656233874,0.291257968007106
"393",1281,0.490858718046425,0.237238273301138,0.278943398173032
"394",1282,0.644733045830726,0.209315426749222,0.170571333165877
"395",1284,0.549139039466467,0.192880161174558,0.225722123719085
"396",1286,0.337708746778491,0.459776818845165,0.189310082822211
"397",1296,0.382791781649441,0.436604040777961,0.166520269657283
"398",1298,0.477089615860429,0.248592945231998,0.251739717721026
"399",1299,0.462278153102972,0.300713738942975,0.244040153702089
"400",1301,0.337181661838805,0.36908938751178,0.234957610662278
"401",1302,0.515858140928178,0.342633607242229,0.173378067629946
"402",1303,0.266406755131744,0.480649908449915,0.219291401670165
"403",1304,0.448331192170375,0.280909268406828,0.261273435096068
"404",1305,0.301494559833071,0.464494393962072,0.222949524713796
"405",1309,0.334136301939236,0.541473497407613,0.119091122659403
"406",1317,0.320453795246016,0.299763981043165,0.342565787394217
"407",1319,0.4552797119535,0.291230280115415,0.228235566745489
"408",1321,0.312443905062525,0.408008455036842,0.274653915122243
"409",1329,0.272155843103973,0.437937718461516,0.28306484300455
"410",1330,0.370456635835273,0.381339732100814,0.186671705993949
"411",1331,0.276699221918631,0.460041953265521,0.271336226573914
"412",1332,0.380250328685377,0.37612505970571,0.223835058298678
"413",1334,0.507963922415343,0.27807637823742,0.202293834978895
"414",1337,0.594944232680885,0.311824773764722,0.115321356940234
"415",1339,0.444820269872425,0.325188683680233,0.211656190465242
"416",1341,0.604765975273086,0.296750703683651,0.106519145903516
"417",1348,0.525812036709002,0.341165388966311,0.136305151969952
"418",1350,0.322725788550605,0.283103588144595,0.349460307414618
"419",1351,0.294238356364434,0.504336846711956,0.188858389378988
"420",1358,0.344474364640988,0.370934743111941,0.24445931039105
"421",1359,0.356924823408874,0.578105916928068,0.074892295874168
"422",1360,0.602555517482521,0.180964799579294,0.236427801785367
"423",1363,0.429254319382915,0.30851762313542,0.235291544134999
"424",1364,0.523968926700259,0.308910687849194,0.15027217310252
"425",1365,0.253562757126515,0.4889142878249,0.249669153661829
"426",1367,0.271543595091753,0.525828070209475,0.200360894032185
"427",1369,0.714015627404401,0.184776263175891,0.161813554506967
"428",1370,0.334077590110977,0.425328744019595,0.239764556089218
"429",1373,0.305176290137605,0.35694837283407,0.301381077609145
"430",1377,0.429678633387832,0.349433363142603,0.222168732104053
"431",1379,0.435335798311113,0.448038537552456,0.112896343454579
"432",1383,0.325211117959031,0.403402320377043,0.26729841046344
"433",1388,0.60783440274432,0.244643156957802,0.169720454424344
"434",1391,0.413960101374671,0.467867570492579,0.118617553095051
"435",1392,0.294541837905431,0.326424426571292,0.351523205083111
"436",1393,0.110103477010216,0.706829362256847,0.248877518120641
"437",1411,0.441715537165469,0.384101093208642,0.159051131729463
"438",1424,0.336808466359109,0.291351210576414,0.349736105273781
"439",1425,0.498643013436161,0.2642777416124,0.244728398992184
"440",1429,0.377383439651521,0.315177188798196,0.308072576188214
"441",1432,0.435102776002007,0.343669844853459,0.223392803986379
"442",1433,0.323184705319762,0.353654408220539,0.254141319310556
"443",1439,0.268108415306316,0.395836334884655,0.302216490700357
"444",1441,0.297599977246558,0.451494985324963,0.216288059611926
"445",1442,0.544181069962524,0.318452752209449,0.149005474215355
"446",1447,0.452771350500174,0.211818501093841,0.335870371214823
"447",1450,0.351423824316368,0.375180294098461,0.233412037248017
"448",1455,0.190945091341552,0.473943003542994,0.328877726220053
"449",1459,0.205638512621609,0.496017609193231,0.270398520103828
"450",1461,0.304525079669859,0.315148458961251,0.355508918027443
"451",1465,0.291652792366607,0.431546350308776,0.240601059403103
"452",1473,0.137399931843522,0.470770106665704,0.398984790580665
"453",1474,0.554656534039802,0.220021176873022,0.199883040264623
"454",1477,0.681952999205942,0.241840488906275,0.117729424292185
"455",1480,0.466518559312574,0.340215284085125,0.194825869501518
"456",1481,0.515806750074287,0.248776257048869,0.234259659011625
"457",1485,0.596215139405302,0.178464986891652,0.240595446682519
"458",1499,0.249196329397742,0.406937424846456,0.31204225117498
"459",1503,0.235005824882289,0.412996647962755,0.333896938523052
"460",1509,0.44409153636558,0.394241920956477,0.170663375377989
"461",1510,0.594944232680885,0.311824773764722,0.115321356940234
"462",1515,0.447183531798256,0.509152373870512,0.0768080641874146
"463",1516,0.160475112876619,0.602428718567757,0.240877748193834
"464",1519,0.703584719172425,0.140913412836896,0.240200672063454
"465",1522,0.468535871593873,0.298211195323639,0.22418702389005
"466",1526,0.346308714498265,0.413059680911963,0.240516836622111
"467",1530,0.0777193365575105,0.682221866405851,0.334466708539865
"468",1533,0.340652709734397,0.391423965269946,0.241444139133308
"469",1534,0.323695490382661,0.536795208506623,0.142934611309395
"470",1536,0.429094184702207,0.394075913633314,0.180154280770224
"471",1539,0.330591202605193,0.401919576398747,0.263884967676621
"472",1545,0.35311072812043,0.354218032433635,0.287835992710605
"473",1548,0.409441461006829,0.241450583571792,0.355131167529197
"474",1550,0.502244271756773,0.232290045611706,0.252017270824348
"475",1555,0.389347854828796,0.268084579004101,0.337606876090295
"476",1560,0.184115837142919,0.509605267132102,0.311546213780409
"477",1564,0.700489525179352,0.218363502162895,0.111306865537126
"478",1571,0.164271561065355,0.678162022217826,0.177949096400458
"479",1584,0.825052510497654,0.137413861922486,0.0945921620986548
"480",1591,0.274840918956076,0.455066643101523,0.268965741180883
"481",1603,0.194581509090978,0.60535619773089,0.202276594721814
"482",1610,0.346102983069715,0.381456803795192,0.269407897825217
"483",1611,0.498947340434504,0.261451462863948,0.232662737047056
"484",1612,0.404479317393002,0.257715814712099,0.326834893517909
"485",1617,0.219287450663365,0.637042314978667,0.158260827124627
"486",1624,0.270996165127749,0.410723304432396,0.294158365320685
"487",1633,0.569475947523898,0.330192514875952,0.111901841771905
"488",1634,0.346765549725096,0.482663669751599,0.162174653663293
"489",1638,0.337708746778491,0.459776818845165,0.189310082822211
"490",1639,0.398011344482609,0.362027886306371,0.233673946487633
"491",1640,0.150833087828147,0.34619076522798,0.532335004723956
"492",1650,0.421820802087274,0.304622765404926,0.21204124152051
"493",1658,0.18863681907216,0.511670965205446,0.27758454501663
"494",1662,0.481253722815638,0.28838194543041,0.221902957585969
"495",1663,0.325449856277832,0.484999783380538,0.151165892449191
"496",1665,0.534456322130651,0.308033599611603,0.170915206690608
"497",1669,0.330442306200666,0.518496320292746,0.157421427714307
"498",1673,0.524751173432427,0.291632136809893,0.177981901672471
"499",1677,0.408439298600868,0.362450862743406,0.225573568396717
"500",1680,0.0686241778038548,0.68068277443083,0.376747183673314
"501",1687,0.422625336273274,0.312608407914376,0.247482808677554
"502",1690,0.296527659024124,0.426739486602038,0.238293267606785
"503",1693,0.52004156614334,0.270605740364018,0.182384200747304
"504",1695,0.345453846139939,0.320658032117052,0.280164140745828
"505",1698,0.323109261826769,0.302318988299729,0.350161783451798
"506",1699,0.276814354703397,0.498684568845322,0.227712928498476
"507",1701,0.463308369016038,0.257673476043636,0.251811515198424
"508",1702,0.607797495588144,0.280251129355971,0.135063436310248
"509",1707,0.456450509891724,0.378781746881414,0.166237354450112
"510",1709,0.589650731072222,0.238781474605671,0.186270274969208
"511",1714,0.581340742922226,0.252544615316737,0.170826313895837
"512",1716,0.500980175877892,0.369995662675661,0.147715261900397
"513",1718,0.149792846414541,0.45632194719471,0.390708849710301
"514",1720,0.455515820198241,0.260459896630521,0.259059862720065
"515",1721,0.563014307257006,0.295145108241774,0.139928955800496
"516",1725,0.329565644729287,0.464165960774186,0.147833149712337
"517",1729,0.557565564794526,0.196374571700537,0.25624416135714
"518",1738,0.482177711778644,0.279664088339574,0.207813477672022
"519",1739,0.153555055635005,0.580848145160589,0.277638921045845
"520",1742,0.341696973310034,0.390292503571469,0.192577448459423
"521",1750,0.494539703307464,0.163430685644155,0.351563018380592
"522",1752,0.257157151893336,0.543639123555938,0.189719862188996
"523",1753,0.483281048540203,0.313351562601783,0.195603435419076
"524",1755,0.339346600578892,0.368570457158193,0.285706063542631
"525",1760,0.224743082480682,0.491297353711302,0.28488977760612
"526",1763,0.40659903714108,0.291604850703105,0.287769501787418
"527",1765,0.56128872983978,0.26736914314539,0.168066021925673
"528",1766,0.495280459438088,0.397884477662312,0.112297347632838
"529",1768,0.400963408361135,0.311157870197758,0.266551371083242
"530",1769,0.459243795208092,0.254410775730531,0.287762457550127
"531",1771,0.515508296361118,0.263979538404943,0.225219418315034
"532",1772,0.505061709113067,0.193428837978765,0.327498778003056
"533",1773,0.469441979098049,0.239056723002923,0.30789010033807
"534",1774,0.295757199562183,0.401097103612734,0.309097324572734
"535",1780,0.51475445141129,0.326591474076671,0.15829942197702
"536",1784,0.239251443632893,0.448816007735998,0.311655347261443
"537",1788,0.546799225566937,0.277335181615018,0.168223543145551
"538",1789,0.257135850629045,0.543547478182591,0.199172593279494
"539",1792,0.298685864355724,0.45676512254392,0.213950361927874
"540",1793,0.27947275592917,0.536609489801596,0.182578020290748
"541",1796,0.436889098668672,0.406358023750151,0.158295797424998
"542",1799,0.39821298573886,0.4471530831759,0.133717045824435
"543",1801,0.323409285967282,0.492083751539375,0.166832099315698
"544",1803,0.554115348486593,0.319421228901565,0.136127800498767
"545",1806,0.34962273226637,0.350954983639333,0.281149165740798
"546",1815,0.457468388808466,0.3861033936708,0.168951192713412
"547",1816,0.475171288476575,0.352979196723235,0.169792252199688
"548",1819,0.31198030678835,0.403606756820791,0.290347226008648
"549",1823,0.632006880398706,0.19508565951376,0.174658732763165
"550",1826,0.372745819921955,0.531188144153398,0.0952600020183489
"551",1827,0.187853957563442,0.537414803982131,0.287864174566654
"552",1838,0.440287432534967,0.319188668436082,0.224449293704135
"553",1839,0.426537173197066,0.400608501046459,0.168328766433639
"554",1841,0.412576628438663,0.497613558580309,0.0941089550758763
"555",1848,0.390906545325529,0.386891407824397,0.218019734729732
"556",1852,0.67608937057582,0.216001046401706,0.130410077675167
"557",1853,0.327713326836776,0.432669590398658,0.238749043553666
"558",1854,0.282208113558871,0.516903762826867,0.189030970415456
"559",1855,0.169414848854972,0.494728859616975,0.340985839565915
"560",1857,0.467466813180327,0.284665853857202,0.231273574727848
"561",1861,0.300343406474018,0.491719172143876,0.20303780808528
"562",1862,0.342492141268791,0.400731709576841,0.254661431038357
"563",1864,0.303914584765121,0.399763590756527,0.302144185820107
"564",1870,0.408291536457744,0.315797801340268,0.252291567979379
"565",1873,0.368399119784157,0.336952589967513,0.292202912004776
"566",1878,0.456897382247169,0.348510752062718,0.194301808785604
"567",1880,0.333934115852452,0.459980106690104,0.20481116164635
"568",1881,0.334729146415397,0.376839597652218,0.256494487830122
"569",1883,0.407870897004175,0.24805034383215,0.347243210427811
"570",1886,0.231475895523483,0.51763552574354,0.22237107979115
"571",1888,0.412673576176089,0.309384166885115,0.271546571416318
"572",1890,0.418550082842148,0.462189557252444,0.113233424140318
"573",1891,0.416434224792671,0.318593540750428,0.24630686434204
"574",1892,0.460377125789408,0.199818848557075,0.361660217090819
"575",1893,0.654752835087517,0.171366726483502,0.219619918139973
"576",1897,0.494974474635082,0.229637169767382,0.285503364276628
"577",1899,0.591306883160822,0.225230774342267,0.190984876880959
"578",1905,0.459907480506351,0.292321454635298,0.242981894685461
"579",1911,0.399096331080962,0.411728476533459,0.176549573619686
"580",1913,0.203723664772316,0.53113628975451,0.248833859490716
"581",1914,0.462434003904681,0.268325633496074,0.276874294885502
"582",1917,0.401537122046126,0.315555684590328,0.264478122353681
"583",1920,0.481083839095402,0.325864869239455,0.176682601186182
"584",1921,0.710260264395387,0.177791741374735,0.139145749292275
"585",1925,0.481457557485092,0.409446758465704,0.112335345992635
"586",1928,0.300343406474018,0.491719172143876,0.20303780808528
"587",1931,0.548667956587969,0.272069101773384,0.180113652460764
"588",1936,0.679401113303466,0.248631842816067,0.0966030806663733
"589",1937,0.334077590110977,0.425328744019595,0.239764556089218
"590",1939,0.427083781525487,0.286733358937938,0.275665632457731
"591",1941,0.246757511254359,0.583663570690821,0.181616931624049
"592",1942,0.454008604164954,0.321630585422724,0.207587102666103
"593",1948,0.274277327093167,0.459471778268693,0.237134015099375
"594",1950,0.274826334391778,0.451525816327609,0.243640304962125
"595",1951,0.214898558335,0.539779989154809,0.220005646946398
"596",1953,0.348875082551979,0.538833621429957,0.107224230587423
"597",1954,0.503547676315378,0.324576816984422,0.194890005415672
"598",1955,0.423091092746247,0.229496876133236,0.336539308574098
"599",1959,0.438291036349716,0.385205182569401,0.152485598728651
"600",1961,0.602160094190669,0.294066859499243,0.122146716562504
"601",1967,0.501291879281861,0.281642973805123,0.213207142686141
"602",1968,0.524419337801421,0.411311309866218,0.0848637855015858
"603",1969,0.269604979701129,0.415157997855668,0.31076424674655
"604",1974,0.504277020759569,0.334206062357488,0.16149045485213
"605",1981,0.288675327731513,0.419065460677399,0.287062147176451
"606",1983,0.3755522691654,0.314071644378126,0.311016643944241
"607",1991,0.368362270105916,0.461538379608329,0.16257765833768
"608",1992,0.616059543869341,0.260958414196828,0.123342941049795
"609",1993,0.377175776995098,0.476547385564228,0.138666622937268
"610",1996,0.523142134373993,0.172454272714016,0.337856082077254
"611",1997,0.360848785733168,0.293183419854555,0.332965171665223
"612",1998,0.283330553260444,0.522007605554871,0.187471663886129
"613",2007,0.416880104084595,0.347125206073188,0.211907804951119
"614",2013,0.446531880239113,0.32964576752549,0.227879391678005
"615",2016,0.240295385634583,0.63240730485184,0.12241883216023
"616",2024,0.297081938574018,0.531777681943506,0.162584677350483
"617",2027,0.5267720983588,0.269993439123869,0.188929221738692
"618",2030,0.568410536601201,0.334634417080801,0.114123859223146
"619",2031,0.415494095666754,0.437500788434793,0.165838309895489
"620",2034,0.570132465009351,0.192636185737099,0.24059858649965
"621",2035,0.448760924730936,0.267410024961358,0.252023749666355
"622",2037,0.219596730861347,0.636115424385725,0.151733035707366
"623",2038,0.421737883145486,0.437446141969743,0.137997489761383
"624",2041,0.206726594140302,0.513671521192476,0.275469284810025
"625",2042,0.374166964578283,0.357135548231664,0.242530962250572
"626",2045,0.302846931259374,0.425869553047438,0.27763331795533
"627",2048,0.448710509150381,0.326027832049465,0.229652474108157
"628",2049,0.363574287298066,0.336922499891269,0.28325859504812
"629",2051,0.0592366740234361,0.846288612636574,0.187846186139708
"630",2052,0.286568145609513,0.478200924091932,0.23572334974557
"631",2054,0.405512469680758,0.510230652928373,0.0867090708422017
"632",2055,0.652934781768033,0.147541365309962,0.243868176625061
"633",2058,0.542198728036093,0.358048712818634,0.112889459396932
"634",2059,0.583635776236009,0.185275557759666,0.2405289582951
"635",2060,0.306691570937585,0.470724117209389,0.213800075311004
"636",2070,0.343862042053279,0.481669508905456,0.160712858403159
"637",2073,0.357301382788818,0.39333360294307,0.248832546344312
"638",2075,0.413573227226492,0.350537713191906,0.191568487135663
"639",2078,0.327466967272318,0.445511405451317,0.200029952144666
"640",2083,0.315375513528428,0.41018836988734,0.259391824169208
"641",2090,0.238425757187983,0.434112995014536,0.307314403043043
"642",2093,0.388946342362209,0.299414453230284,0.27670433633315
"643",2096,0.410325454665185,0.36363642319235,0.223176313051054
"644",2102,0.407504631239677,0.449859032913206,0.138131508249006
"645",2104,0.50486315725655,0.297976301689264,0.151493707023055
"646",2111,0.381100633835661,0.285756119307184,0.253607161977446
"647",2112,0.336449465411691,0.34021852664998,0.308355529840975
"648",2117,0.572124161911679,0.283580819970477,0.153332636351165
"649",2119,0.540746516745007,0.210951502186459,0.26143918197497
"650",2121,0.236636212052031,0.434868292169605,0.269473934586427
"651",2123,0.486088513342296,0.198681879978396,0.290792162197434
"652",2131,0.796404798395499,0.122387891803707,0.143295087237334
"653",2135,0.361707129921294,0.186349220893508,0.471069558823896
"654",2138,0.122714591317203,0.564402780866914,0.346306847967366
"655",2139,0.414602146220505,0.324358873107117,0.231279685184229
"656",2140,0.583731043815121,0.239903789292933,0.188937433048788
"657",2143,0.307292885738031,0.538372059256096,0.156612581165382
"658",2144,0.344316748496028,0.417045788666145,0.238685863238933
"659",2145,0.376275130819159,0.325758019196698,0.28409634491353
"660",2152,0.378500163407326,0.479182275601938,0.112835256718482
"661",2153,0.31018331465647,0.518674054268845,0.162330067301032
"662",2155,0.64621814999225,0.243079670321202,0.142143432687567
"663",2158,0.417395779711326,0.394044701967826,0.158152189527635
"664",2159,0.24775980669984,0.584501535428888,0.1738600067408
"665",2162,0.41752531030649,0.288959657822048,0.252870626243871
"666",2164,0.313847065256577,0.386190275812443,0.278753100088717
"667",2166,0.558190473662136,0.292315508824483,0.159489722965014
"668",2168,0.492272996327976,0.360294788267514,0.174069662691971
"669",2169,0.440134656676761,0.41566234938119,0.166042169759568
"670",2180,0.378726120855031,0.372166936051519,0.207829480981102
"671",2186,0.507867350907856,0.25127663804682,0.226829174097893
"672",2187,0.567040654142843,0.317835368624213,0.131089779490728
"673",2191,0.648475223701267,0.243868590105539,0.131588056293007
"674",2196,0.322227083524904,0.415270491752326,0.229492570326688
"675",2197,0.659609569974884,0.230593273468094,0.129302020054456
"676",2203,0.584535904840864,0.280879509510356,0.146404291084526
"677",2204,0.338647162282282,0.434225705265616,0.178789344914559
"678",2206,0.539938096706891,0.163140597328678,0.339855236115677
"679",2207,0.334136301939236,0.541473497407613,0.119091122659403
"680",2211,0.309251901493143,0.423490105924554,0.226058388036704
"681",2213,0.305494809083949,0.466483746085342,0.218086055207243
"682",2219,0.285985725630748,0.488371716118179,0.228039146627814
"683",2222,0.46929693992447,0.445850903693869,0.116757840481283
"684",2223,0.177329560628736,0.688138214402361,0.152183481806692
"685",2227,0.474509943369409,0.301083006505262,0.203260172040819
"686",2233,0.361198118165587,0.490798183090707,0.139068585097654
"687",2243,0.54947090904225,0.346615846472277,0.115895319459944
"688",2244,0.370492604445895,0.420296689664238,0.20877590501042
"689",2247,0.442978740122222,0.385475804052105,0.133153598514644
"690",2249,0.322087597529076,0.49878450936331,0.17582318583227
"691",2254,0.493060951381878,0.23428008341104,0.280969217701707
"692",2261,0.550242009420643,0.294684021919981,0.181107775567328
"693",2262,0.383789953704177,0.31344812030741,0.254284092443404
"694",2263,0.520439647132084,0.376699230118555,0.112444263232
"695",2266,0.32254250037782,0.416719003497867,0.247125913547228
"696",2267,0.323368255327342,0.468308183078527,0.203035027384641
"697",2268,0.333325408532608,0.324017841404632,0.326120198858935
"698",2271,0.377801657267314,0.317964991298926,0.29118975425868
"699",2272,0.696176902314407,0.176431667378586,0.183431296048545
"700",2273,0.412710314417143,0.301907738874962,0.266768237787608
"701",2292,0.618634742621075,0.166372139756162,0.241137239453912
"702",2295,0.428903845019834,0.313435940987269,0.231079522856652
"703",2300,0.269826149194374,0.530011914332114,0.189317995045701
"704",2302,0.449508029491743,0.324778077309361,0.190367092390171
"705",2306,0.127252284388819,0.590487257882569,0.322868817322204
"706",2307,0.25711806016238,0.520995834482389,0.227454002818662
"707",2308,0.448507556086909,0.338348640981081,0.200895101036493
"708",2309,0.348672595113007,0.537916917156701,0.109008440134883
"709",2312,0.654142022106592,0.188647048947599,0.180060679599706
"710",2318,0.369034106474,0.449012108867545,0.166676632366979
"711",2319,0.300343406474018,0.491719172143876,0.20303780808528
"712",2322,0.398321890610736,0.505863795446336,0.103721050620215
"713",2325,0.62847511920898,0.25084380938328,0.128943402962216
"714",2331,0.338913315597109,0.448128364194915,0.218906666901314
"715",2340,0.170562370169967,0.639092488074749,0.210381795903282
"716",2347,0.683684964547121,0.15463134256686,0.212148964557244
"717",2353,0.530560046636494,0.248196167456762,0.248245748329114
"718",2355,0.409739379262157,0.289248849066415,0.247415747350647
"719",2360,0.337708746778491,0.459776818845165,0.189310082822211
"720",2363,0.303559855390998,0.405797737999874,0.269796616520489
"721",2366,0.298896958100348,0.431549946811836,0.276068817882576
"722",2369,0.457696643785818,0.315224937168114,0.211716922581007
"723",2370,0.380240028901049,0.29710527339112,0.312593325402848
"724",2377,0.491632908217868,0.18979730000003,0.336113955797019
"725",2379,0.212004575677381,0.400257872408994,0.354759000198621
"726",2382,0.572124161911679,0.283580819970477,0.153332636351165
"727",2384,0.440036099871953,0.431219391032682,0.12269394198459
"728",2387,0.363416008400664,0.34339287073511,0.276886079084456
"729",2394,0.379050253643505,0.320082237075432,0.287584111694633
"730",2399,0.587519784999921,0.249398511189514,0.168063619178232
"731",2403,0.766684516737475,0.156959083550959,0.147454296263887
"732",2412,0.287391427326277,0.452109063383956,0.247338703487041
"733",2418,0.197760320518963,0.556659345035302,0.226002409586251
"734",2421,0.448760924730936,0.267410024961358,0.252023749666355
"735",2423,0.397217762903958,0.314389451292886,0.292861963941377
"736",2426,0.171267156274951,0.528571199590595,0.31140151176807
"737",2428,0.605144964550747,0.23840444068621,0.176974704313575
"738",2430,0.349809438932044,0.389008304661049,0.215041814959932
"739",2431,0.382894900189445,0.49076798781205,0.143108732683624
"740",2438,0.548352807448672,0.321937539129055,0.154588248206543
"741",2442,0.461150883902616,0.332945490737582,0.197155214183194
"742",2450,0.477089615860429,0.248592945231998,0.251739717721026
"743",2452,0.443189912771175,0.283262933918437,0.262180627402913
"744",2460,0.39821298573886,0.4471530831759,0.133717045824435
"745",2469,0.659419923130869,0.143811842197435,0.24489845841254
"746",2471,0.629641783263305,0.232323717089154,0.187439254691152
"747",2474,0.404351555357301,0.377128054502901,0.205819467712784
"748",2475,0.670854264716194,0.214860235306636,0.14352984082411
"749",2476,0.265880600023225,0.443742819068686,0.26602909066711
"750",2478,0.239818775108614,0.391170388238353,0.359678895772176
"751",2479,0.168484498664865,0.535224456930711,0.323180923230898
"752",2481,0.321322786099382,0.294742513904597,0.323847891823705
"753",2486,0.681130973864451,0.14329446559216,0.255821020426738
"754",2489,0.667315220806878,0.176084105094316,0.192216409892581
"755",2497,0.288352275100545,0.287296457227063,0.39977621877151
"756",2502,0.377171701434616,0.35977385327839,0.226832418928781
"757",2515,0.507794349755309,0.254847600282652,0.233393588522256
"758",2519,0.411305770005704,0.292736291462135,0.26544840802131
"759",2520,0.343528189128866,0.395364126798143,0.25763203468548
"760",2521,0.351776700743704,0.392787786464364,0.221871461926711
"761",2522,0.666831712126154,0.181746768255064,0.16943838837561
"762",2528,0.309268271561777,0.565285133843808,0.139210251928432
"763",2529,0.721750111188382,0.191472795816874,0.120821175099081
"764",2530,0.435742194595507,0.298110032415732,0.240759478414304
"765",2531,0.322869689302847,0.506109188383322,0.162176988630647
"766",2533,0.493566042181815,0.226638598037158,0.290695277187771
"767",2546,0.493049604064205,0.313674139147158,0.171923555559304
"768",2549,0.329607681532536,0.487754858502744,0.178208556138502
"769",2551,0.41752531030649,0.288959657822048,0.252870626243871
"770",2552,0.334111720266189,0.399682053660942,0.225794785403272
"771",2554,0.202059689181084,0.640624315294834,0.162833246297826
"772",2557,0.594477121951225,0.292110503789453,0.119565201662404
"773",2559,0.587014990152441,0.316386557340232,0.116056132996893
"774",2561,0.531962678225711,0.167588251398033,0.338771486828378
"775",2562,0.444313193752782,0.46699181836213,0.104197103599739
"776",2567,0.321322786099382,0.294742513904597,0.323847891823705
"777",2573,0.315529193392554,0.411217030519911,0.242196825121067
"778",2575,0.411164847026291,0.370357141924611,0.216852112925626
"779",2576,0.46506073519374,0.40842275978553,0.148667724380944
"780",2581,0.327639791383731,0.470040589017956,0.189025701704122
"781",2583,0.459243795208092,0.254410775730531,0.287762457550127
"782",2589,0.219182661791452,0.462946016979361,0.26787962772769
"783",2592,0.552450027119137,0.231280156355108,0.230151460639232
"784",2606,0.618634742621075,0.166372139756162,0.241137239453912
"785",2608,0.312122772057757,0.620865251769678,0.0789683512521797
"786",2610,0.303924304781973,0.304871983463482,0.373050008577634
"787",2613,0.413960101374671,0.467867570492579,0.118617553095051
"788",2616,0.425077065241915,0.330715322452746,0.224775191613778
"789",2617,0.572537977817702,0.237804750336303,0.197018984804269
"790",2630,0.269826149194374,0.530011914332114,0.189317995045701
"791",2633,0.683502088082959,0.124327276168193,0.26071285158758
"792",2642,0.122431570399796,0.616205513327569,0.297081488978393
"793",2643,0.575448115819562,0.327995255575744,0.114689144629332
"794",2644,0.631917301536109,0.28314158508348,0.115432792844457
"795",2653,0.409197178613885,0.245418610499873,0.349694025817531
"796",2657,0.381052624269188,0.265090115208663,0.303409713524577
"797",2658,0.465087707568481,0.206240269679378,0.297208052785332
"798",2665,0.0999249399825766,0.627141263264511,0.344475086005563
"799",2668,0.416434224792671,0.318593540750428,0.24630686434204
"800",2672,0.339592765175396,0.432202214369354,0.231372923852205
"801",2677,0.563441683290635,0.149139394913651,0.345890694888718
"802",2683,0.476813702529876,0.372637462878907,0.140615200969435
"803",2687,0.304131618165712,0.388460360123139,0.245561056453641
"804",2693,0.498623953330947,0.32696679143097,0.175371311379917
"805",2696,0.0857810405424752,0.668493495109943,0.326473608583659
"806",2699,0.498947340434504,0.261451462863948,0.232662737047056
"807",2700,0.621633449270407,0.201976054073056,0.195918585660074
"808",2701,0.498643013436161,0.2642777416124,0.244728398992184
"809",2703,0.529972925552703,0.290706472818074,0.151708731168702
"810",2709,0.398919503452247,0.381761510199795,0.159425760588221
"811",2713,0.465087707568481,0.206240269679378,0.297208052785332
"812",2714,0.122185565523568,0.530358892602717,0.404287248875433
"813",2717,0.492540772095734,0.282645351547068,0.229020198866834
"814",2720,0.194573724355454,0.483036029363857,0.335115596523087
"815",2726,0.377175776995098,0.476547385564228,0.138666622937268
"816",2728,0.402832639320592,0.324286906160859,0.266622236503286
"817",2734,0.506749300631929,0.377863792024541,0.110527516250062
"818",2739,0.52849887474751,0.231429800599844,0.202120833453117
"819",2742,0.473443143042076,0.34372193579035,0.144463522081738
"820",2747,0.227207649723515,0.451890165749543,0.309701725416871
"821",2748,0.351796364745057,0.391905438470565,0.191295062699965
"822",2751,0.439415083252125,0.293963858593431,0.253631975178167
"823",2857,0.561745385465466,0.287397096560408,0.153668356010408
"824",2858,0.384961146351038,0.317830187097005,0.288403240818279
"825",2861,0.222875929725877,0.585207509341925,0.198229048155439
"826",2863,0.320453795246016,0.299763981043165,0.342565787394217
"827",2864,0.28325206702802,0.426151462106732,0.282987504893091
"828",2865,0.392377293133332,0.376745180417356,0.225334840511896
"829",2866,0.24512362285426,0.495594938907324,0.205824727450187
"830",2870,0.467466813180327,0.284665853857202,0.231273574727848
"831",2871,0.490947486659817,0.420361761412118,0.0880948013377552
"832",2875,0.317181711745707,0.45289569531266,0.230666834456687
"833",2885,0.471465876371876,0.426897440497313,0.0980406592339882
"834",2886,0.453603485392908,0.430405622110183,0.119865907882583
"835",2888,0.352419802832575,0.37682637837544,0.241987036590353
"836",2889,0.564587993797632,0.240365092360413,0.201807801746886
"837",2891,0.34479097434186,0.527696358674629,0.102938863376007
"838",2892,0.324703426181626,0.489942825387937,0.167769662561975
"839",2895,0.392983539131519,0.495287291487564,0.126881844849666
"840",2896,0.532434000592086,0.359650768577035,0.116240181050151
"841",2899,0.440287432534967,0.319188668436082,0.224449293704135
"842",2902,0.341034862326377,0.512444187500475,0.124660171369588
"843",2904,0.409836611932125,0.373665198212397,0.215024472466607
"844",2909,0.438284570870486,0.220336652812756,0.336121625072611
"845",2910,0.618634742621075,0.166372139756162,0.241137239453912
"846",2916,0.323109261826769,0.302318988299729,0.350161783451798
"847",2921,0.685258488715716,0.190637642449663,0.167763074745884
"848",2924,0.518624073166757,0.252725137872611,0.170969679140294
"849",2926,0.194968127878302,0.420071111985485,0.357408874772333
"850",2927,0.14198311051851,0.654101752506769,0.212636196788956
"851",2931,0.458289825076972,0.368396841775873,0.140047056578071
"852",2940,0.298637110913607,0.348500006012129,0.330993837080353
"853",2941,0.438275764430308,0.41047234566613,0.15495199969843
"854",2942,0.444477911340973,0.235213494536796,0.318391399377777
"855",2944,0.411409486096306,0.365347113116674,0.220925481516564
"856",2946,0.555703841828057,0.200579242278597,0.2408044120424
"857",2949,0.696892148563537,0.207901018547794,0.121139933285417
"858",2956,0.56925495328766,0.188120232039184,0.258805129651957
"859",2957,0.48439353293212,0.242197142339596,0.268563487170467
"860",2960,0.487034810531923,0.340934862004127,0.171688649376117
"861",2961,0.219885041378494,0.400066614130085,0.357928176107203
"862",2962,0.513988941840977,0.294218828874762,0.203367805364128
"863",2963,0.334109791455018,0.45748899720881,0.203214535075723
"864",2967,0.376548679636331,0.279552141082501,0.33495002501275
"865",2971,0.302846931259374,0.425869553047438,0.27763331795533
"866",2977,0.680839776664091,0.122971472203374,0.265912316323998
"867",2984,0.315529193392554,0.411217030519911,0.242196825121067
"868",2986,0.288165469686732,0.504291561333528,0.203220100168571
"869",2996,0.268284804001858,0.413795075817225,0.301963260816019
"870",2997,0.248198072840272,0.423036828453158,0.339349470953146
"871",3001,0.435305756734326,0.189374944581842,0.403936224873108
"872",3002,0.404827817649342,0.463491952562546,0.138040428551008
"873",3003,0.417486964835061,0.442437372684864,0.146613768963316
"874",3006,0.293927587290656,0.414996666073607,0.283061355570453
"875",3008,0.334077590110977,0.425328744019595,0.239764556089218
"876",3009,0.368808340494728,0.437986341600097,0.160389612320064
"877",3012,0.408449649480853,0.454374989650166,0.110111909782469
"878",3013,0.334111720266189,0.399682053660942,0.225794785403272
"879",3020,0.488757011698304,0.397300196167055,0.121630955592253
"880",3022,0.356872692598304,0.378461254351584,0.226052374962702
"881",3023,0.24739970773213,0.363215633551998,0.349994352743939
"882",3027,0.264599934621317,0.534417781916789,0.199706534927919
"883",3761,0.629135091564772,0.220570418223873,0.169312571290305
"884",3775,0.57475542346108,0.278708671049774,0.160689583174162
"885",3777,0.551015877414529,0.30991788159491,0.151284940750837
"886",3782,0.59817116176419,0.264914559622011,0.153330405417522
"887",3788,0.489504876096535,0.433961582998252,0.0961731850259929
"888",3792,0.222978942062787,0.610856670429314,0.166118570220444
"889",3795,0.386308425153724,0.371838214212319,0.212658205425836
"890",3797,0.265341900652508,0.46973465993082,0.236798777414007
"891",3798,0.377171701434616,0.35977385327839,0.226832418928781
"892",3801,0.398919503452247,0.381761510199795,0.159425760588221
"893",3809,0.50828022692137,0.38697063765796,0.112333632413052
"894",3820,0.149020154859846,0.492621599101889,0.368709119041534
"895",3821,0.682925636436054,0.217071488909403,0.121418753764356
"896",3828,0.682925636436054,0.217071488909403,0.121418753764356
"897",3841,0.360848785733168,0.293183419854555,0.332965171665223
"898",3844,0.378708256501157,0.318864193875973,0.30270275001331
"899",3850,0.487285134737825,0.345326202250622,0.153813508403626
"900",3858,0.401397573389071,0.374193476301402,0.210235500794356
"901",3873,0.431202500576318,0.335816666790003,0.211719790598167
"902",3882,0.439415083252125,0.293963858593431,0.253631975178167
"903",3890,0.47193771430245,0.25994026876894,0.266476690802123
"904",3895,0.464831664450659,0.437562521727675,0.109306607701212
"905",3901,0.442505496107249,0.303192931042273,0.231011811418631
"906",3921,0.620523464751959,0.292057290787092,0.115319603729044
"907",3927,0.368918775563659,0.42429729099422,0.193903302523882
"908",3930,0.456450509891724,0.378781746881414,0.166237354450112
"909",3932,0.395241925460639,0.529977357794091,0.083634022165372
"910",3933,0.176663209036832,0.604503292300416,0.211611120573724
"911",3937,0.420385441425541,0.351234794469167,0.227090931149291
"912",3948,0.524101778322878,0.218348412577159,0.241625766938054
"913",3957,0.294669076022447,0.478724450196733,0.218031454033918
"914",3976,0.429775138749233,0.247067686188032,0.313160857492263
"915",3980,0.261206724606818,0.385093229737206,0.332238098526261
"916",3990,0.246481147319843,0.481609075014372,0.245294850598101
"917",3992,0.610106461448992,0.233867451527795,0.16847831518378
"918",4000,0.483488719150807,0.374698521363128,0.143800412482282
"919",4004,0.264599934621317,0.534417781916789,0.199706534927919
"920",4018,0.577784871937099,0.282583959412843,0.148699154847957
"921",4033,0.644257776478506,0.224114972316148,0.158728997381685
"922",4046,0.416434224792671,0.318593540750428,0.24630686434204
"923",4054,0.456897382247169,0.348510752062718,0.194301808785604
"924",4056,0.647940804541082,0.125951061371209,0.289425624401967
"925",4057,0.196855425479504,0.605501988471333,0.199824596071034
"926",4058,0.297404429784682,0.491214537473104,0.205475296181799
"927",4069,0.441094281258519,0.30622132339144,0.200832061035234
"928",4070,0.394062802814523,0.398907211356965,0.195785749651313
"929",4075,0.46811144794793,0.276996329214077,0.257221652666257
"930",4095,0.423091092746247,0.229496876133236,0.336539308574098
"931",4099,0.596511786084466,0.273906499788013,0.124030293383736
"932",4118,0.236471135312125,0.559940786527393,0.2051627936242
"933",4126,0.39821298573886,0.4471530831759,0.133717045824435
"934",4130,0.433484540316705,0.2778298902405,0.252376656437693
"935",4132,0.518116326980883,0.248006777160327,0.223128278204141
"936",4134,0.307850530633055,0.559294885717748,0.116879721015372
"937",4138,0.438284570870486,0.220336652812756,0.336121625072611
"938",4143,0.339065658547651,0.325006706831256,0.33121347017567
"939",4152,0.533322580746738,0.356104734808166,0.0992756298540629
"940",4168,0.384345171906126,0.410626642720034,0.193452817080406
"941",4174,0.732723450675788,0.184146481933446,0.120780696900601
"942",4182,0.409824214377752,0.339537595607336,0.235990178268703
"943",4189,0.462027009784761,0.305263760825631,0.239671711860828
"944",4191,0.239762655113839,0.574137977447054,0.178556110329234
"945",4205,0.732389502312552,0.169091067907501,0.141354341507018
"946",4207,0.324703426181626,0.489942825387937,0.167769662561975
"947",4228,0.33868581121553,0.500527364299412,0.145655520238762
"948",4229,0.332302774819275,0.318002156468454,0.331235648933115
"949",4247,0.527522070558761,0.245183257092222,0.219598282798518
"950",4250,0.488984275965479,0.238863047364269,0.242996821015809
"951",4254,0.334109791455018,0.45748899720881,0.203214535075723
"952",4259,0.321137079561313,0.404185535217634,0.243310074334581
"953",4260,0.288710096354161,0.437435732392449,0.243021409084077
"954",4286,0.425077065241915,0.330715322452746,0.224775191613778
"955",4306,0.317929203064575,0.380794168244896,0.268313059515369
"956",4308,0.345961638760112,0.362372676865021,0.273103384070451
"957",4324,0.510754068792237,0.317239653631262,0.168011277539266
"958",4328,0.267175770437242,0.509562922597346,0.227517959689603
"959",4344,0.377784029874136,0.337949430596762,0.270888963766693
"960",4347,0.34134548174806,0.382378914323667,0.27271849726996
"961",4351,0.303559855390998,0.405797737999874,0.269796616520489
"962",4360,0.389473652002788,0.302486322233445,0.297987854831101
"963",4380,0.542198728036093,0.358048712818634,0.112889459396932
"964",4388,0.594944232680885,0.311824773764722,0.115321356940234
"965",4390,0.460175713839118,0.403991166696315,0.138127416583055
"966",4397,0.654775136676284,0.223078886290968,0.155659414587829
"967",4417,0.375707107150382,0.36964320341167,0.226537229238029
"968",4431,0.0753633037808772,0.625747566089747,0.374456241409952
"969",4435,0.494842220651019,0.201131497018783,0.324229133937077
"970",4439,0.491632908217868,0.18979730000003,0.336113955797019
"971",4449,0.529041926489469,0.1999115469102,0.231037914327758
"972",4451,0.24512362285426,0.495594938907324,0.205824727450187
"973",4453,0.615962377951731,0.242070488565516,0.159733234235465
"974",4455,0.363607779372628,0.366663182008542,0.242190517104406
"975",4458,0.393377390085551,0.352794981151185,0.21333891127103
"976",4460,0.403641514908457,0.516649063750801,0.0897678492034645
"977",4513,0.395767169573282,0.342898230981464,0.264157096277544
"978",4523,0.696157036006906,0.228117694373179,0.119950245218125
"979",4526,0.572930873786739,0.257101369991199,0.161487556358286
"980",4531,0.302383807696114,0.358173251461925,0.264137549206449
"981",4562,0.448710509150381,0.326027832049465,0.229652474108157
"982",4564,0.406219997520804,0.357916435069701,0.213180991004848
"983",4566,0.114185861903967,0.501483280536607,0.416249580258371
"984",4570,0.37866071981088,0.434301521979625,0.192184095643428
"985",4577,0.609617330101647,0.175346363473265,0.248980751480401
"986",4578,0.116833009409041,0.435942722653284,0.514495470294799
"987",4579,0.201248778071583,0.732387217048595,0.0809592542225052
"988",4585,0.652934781768033,0.147541365309962,0.243868176625061
"989",4600,0.264955410114431,0.328546206977138,0.388857738385824
"990",4606,0.331458046299854,0.376631730551018,0.284872272947422
"991",4619,0.385297149135789,0.322338947608006,0.221910472505815
"992",4629,0.387635068944012,0.452031561208212,0.136282597252059
"993",4635,0.596215139405302,0.178464986891652,0.240595446682519
"994",4636,0.406852783194433,0.381884346243904,0.163331089165258
"995",4637,0.52733643419046,0.230521496397875,0.249627413975557
"996",4640,0.303924304781973,0.304871983463482,0.373050008577634
"997",4643,0.570736007548038,0.289459409859605,0.173131218649142
"998",4647,0.181422465703049,0.359898655563656,0.452816548739307
"999",4648,0.368449249075022,0.518012291013303,0.0975986996187531
"1000",4651,0.301138313370033,0.306003197599256,0.331147954943526
